{"0": [-0.9097249507904053, 13.76024055480957], "1": [-1.0822550058364868, 17.27393341064453], "2": [-0.9091511964797974, 7.614764213562012], "3": [-0.8334813714027405, 4.789299964904785], "4": [-0.9033496975898743, 11.291339874267578], "5": [-0.887297511100769, 12.396955490112305], "6": [-0.8755790591239929, 11.228901863098145], "7": [-0.9056984186172485, 12.813535690307617]}