{"0": [-0.8965573310852051, 13.911726951599121], "1": [-1.0628750324249268, 17.202987670898438], "2": [-0.8920067548751831, 6.813392162322998], "3": [-0.8366349935531616, 4.802406311035156], "4": [-0.9189096689224243, 11.65768814086914], "5": [-0.902275025844574, 12.840322494506836], "6": [-0.8786948919296265, 11.440649032592773], "7": [-0.903516411781311, 12.87220573425293]}